Date of Census,Total Individuals in Shelter,Families with Children in Shelter,Total Single Adults in Shelter,Adult Families in Shelter
08/21/2013,49673,10261,9941,1796
08/22/2013,49690,10274,9917,1803
08/23/2013,49548,10266,9820,1802
08/24/2013,49617,10291,9800,1801
08/25/2013,49858,10324,9934,1804
08/26/2013,49877,10307,9956,1809
08/27/2013,49736,10277,9922,1813
08/28/2013,49753,10284,9950,1803
08/29/2013,49808,10316,9860,1807
08/30/2013,49525,10281,9685,1811
08/31/2013,49462,10287,9610,1815
09/01/2013,49662,10326,9669,1822
09/02/2013,49781,10319,9801,1823
09/04/2013,49751,10303,9851,1811
09/06/2013,49747,10306,9811,1811
09/07/2013,49912,10354,9787,1821
09/08/2013,49957,10377,9744,1824
09/09/2013,50123,10384,9889,1823
09/10/2013,50149,10394,9890,1826
09/11/2013,50151,10387,9895,1829
09/12/2013,50240,10423,9874,1824
09/13/2013,50218,10417,9849,1825
09/14/2013,50250,10428,9850,1816
09/15/2013,50540,10471,9995,1819
09/16/2013,50526,10455,9995,1836
09/17/2013,50452,10439,10015,1819
09/18/2013,50450,10435,10060,1816
09/19/2013,50414,10455,9955,1824
09/20/2013,50378,10453,9936,1817
09/21/2013,50282,10426,9927,1816
09/22/2013,50461,10457,10004,1822
09/23/2013,50608,10465,10081,1830
09/24/2013,50525,10440,10087,1828
09/25/2013,50584,10453,10082,1832
09/26/2013,50692,10483,10058,1836
09/27/2013,50486,10465,9924,1838
09/28/2013,50434,10462,9896,1829
09/29/2013,50595,10480,9988,1837
09/30/2013,50646,10471,10017,1843
10/01/2013,50315,10438,9813,1838
10/02/2013,50351,10469,9754,1845
10/04/2013,50339,10488,9671,1842
10/05/2013,50324,10483,9678,1839
10/06/2013,50581,10531,9777,1847
10/07/2013,50637,10517,9859,1849
10/08/2013,50602,10494,9887,1846
10/09/2013,50686,10512,9920,1850
10/10/2013,50728,10536,9878,1852
10/11/2013,50674,10534,9829,1851
10/12/2013,50593,10520,9786,1861
10/13/2013,50865,10556,9909,1869
10/14/2013,50962,10558,9999,1869
10/15/2013,50892,10542,10009,1861
10/16/2013,50772,10513,9986,1856
10/17/2013,50762,10510,9990,1849
10/18/2013,50732,10519,9899,1859
10/19/2013,50816,10534,9954,1858
10/20/2013,51059,10568,10073,1863
10/21/2013,51062,10573,10073,1856
10/22/2013,50994,10549,10106,1842
10/23/2013,51052,10554,10159,1849
10/24/2013,51153,10587,10149,1858
10/25/2013,51012,10574,10034,1855
10/26/2013,51055,10592,10034,1860
10/27/2013,51262,10623,10143,1863
10/28/2013,51263,10613,10126,1870
10/29/2013,51222,10598,10129,1866
10/30/2013,51163,10589,10077,1869
10/31/2013,51061,10582,9995,1872
11/01/2013,50733,10570,9736,1864
11/02/2013,50658,10548,9735,1857
11/03/2013,50881,10571,9889,1854
11/04/2013,50912,10555,9954,1858
11/05/2013,50941,10551,9989,1863
11/06/2013,50985,10547,9995,1875
11/07/2013,51028,10562,9983,1872
11/08/2013,50960,10559,9895,1876
11/09/2013,50918,10564,9834,1873
11/10/2013,51066,10581,9941,1879
11/11/2013,51166,10585,10005,1879
11/13/2013,51110,10561,10038,1879
11/14/2013,51185,10587,10011,1879
11/18/2013,51376,10632,10005,1882
11/20/2013,51377,10622,10041,1879
11/21/2013,51380,10633,10017,1885
11/22/2013,51214,10623,9898,1882
11/23/2013,51198,10612,9928,1882
11/24/2013,51422,10638,10052,1882
11/25/2013,51489,10648,10075,1882
11/26/2013,51346,10614,10087,1875
11/27/2013,51283,10616,10019,1882
11/28/2013,51076,10606,9827,1878
11/29/2013,50976,10597,9794,1873
12/01/2013,51218,10599,9986,1885
12/02/2013,51093,10559,10002,1874
12/03/2013,50929,10526,9977,1868
12/04/2013,50909,10524,9946,1868
12/05/2013,50971,10551,9928,1872
12/06/2013,50926,10543,9928,1866
12/07/2013,50999,10546,9983,1871
12/08/2013,51237,10576,10097,1881
12/09/2013,51314,10588,10109,1887
12/10/2013,51156,10545,10129,1883
12/11/2013,51174,10565,10089,1883
12/12/2013,51203,10578,10110,1878
12/13/2013,51073,10570,10010,1877
12/14/2013,51020,10560,10027,1864
12/15/2013,51152,10575,10104,1861
12/16/2013,51215,10564,10167,1872
12/17/2013,51183,10562,10169,1866
12/18/2013,51151,10552,10150,1873
12/20/2013,50871,10537,9924,1866
12/21/2013,50851,10542,9901,1867
12/22/2013,50992,10565,9965,1865
12/23/2013,51082,10561,10011,1878
12/24/2013,50818,10532,9872,1863
12/25/2013,50965,10556,9942,1866
12/26/2013,51013,10547,10003,1868
12/27/2013,50861,10508,9959,1865
12/28/2013,50787,10494,9921,1864
12/29/2013,50994,10516,10038,1873
12/30/2013,50927,10500,10021,1871
12/31/2013,50370,10458,9618,1867
01/01/2014,50689,10469,9919,1866
01/02/2014,50797,10484,9950,1871
01/03/2014,50954,10521,10001,1872
01/04/2014,50957,10520,10004,1877
01/05/2014,50957,10502,10078,1874
01/06/2014,50910,10462,10103,1874
01/07/2014,51082,10487,10207,1874
01/08/2014,51319,10567,10151,1878
01/09/2014,51352,10586,10103,1892
01/10/2014,51125,10549,10047,1864
01/11/2014,51054,10543,10026,1865
01/12/2014,51261,10584,10113,1872
01/13/2014,51345,10598,10122,1881
01/14/2014,51227,10559,10142,1870
01/15/2014,51344,10591,10144,1867
01/16/2014,51413,10605,10157,1870
01/17/2014,51371,10609,10086,1876
01/18/2014,51319,10591,10123,1871
01/19/2014,51472,10624,10168,1877
01/20/2014,51585,10627,10244,1881
01/21/2014,51649,10627,10272,1888
01/22/2014,51809,10669,10309,1888
01/23/2014,51882,10666,10361,1898
01/24/2014,51907,10685,10309,1897
01/25/2014,51927,10698,10282,1893
01/26/2014,52121,10737,10344,1904
01/27/2014,52168,10740,10359,1903
01/28/2014,52178,10752,10362,1899
01/29/2014,52247,10767,10394,1897
01/30/2014,52231,10772,10343,1902
01/31/2014,51909,10744,10111,1891
02/01/2014,51668,10684,10099,1872
02/02/2014,51724,10692,10114,1875
02/03/2014,51943,10727,10211,1881
02/04/2014,52077,10759,10233,1895
02/05/2014,52137,10760,10266,1902
02/06/2014,52199,10767,10274,1914
02/07/2014,52162,10774,10192,1919
02/08/2014,51992,10742,10163,1911
02/09/2014,52084,10730,10276,1917
02/10/2014,52164,10734,10346,1911
02/11/2014,52166,10722,10392,1906
02/12/2014,52137,10725,10364,1897
02/13/2014,52319,10770,10374,1913
02/14/2014,52153,10763,10259,1908
02/15/2014,52069,10738,10263,1896
02/16/2014,52165,10740,10340,1900
02/17/2014,52270,10754,10397,1904
02/18/2014,52325,10764,10398,1910
02/19/2014,52261,10743,10388,1907
02/20/2014,52171,10731,10378,1889
02/22/2014,52074,10744,10224,1895
02/23/2014,52249,10771,10292,1902
02/24/2014,52301,10754,10375,1901
02/25/2014,52261,10738,10404,1894
02/26/2014,52338,10758,10382,1895
02/27/2014,52354,10771,10357,1899
02/28/2014,52184,10766,10215,1894
03/01/2014,52167,10778,10135,1906
03/02/2014,52295,10796,10239,1895
03/03/2014,52271,10776,10275,1893
03/04/2014,52118,10739,10278,1893
03/05/2014,52128,10729,10311,1896
03/07/2014,52070,10743,10209,1900
03/08/2014,52031,10753,10163,1885
03/09/2014,52211,10787,10233,1893
03/10/2014,52157,10748,10309,1884
03/11/2014,52010,10741,10239,1874
03/12/2014,52147,10761,10332,1872
03/13/2014,52147,10767,10318,1872
03/14/2014,52071,10781,10188,1881
03/15/2014,52011,10773,10181,1868
03/16/2014,52253,10794,10337,1874
03/17/2014,52293,10786,10389,1879
03/18/2014,52232,10788,10360,1870
03/19/2014,52299,10778,10419,1879
03/20/2014,52270,10784,10387,1866
03/21/2014,52152,10796,10233,1873
03/22/2014,52162,10800,10202,1880
03/23/2014,52389,10825,10348,1884
03/24/2014,52407,10804,10430,1881
03/25/2014,52367,10793,10453,1876
03/26/2014,52422,10815,10441,1878
03/27/2014,52425,10822,10424,1876
03/28/2014,52286,10831,10260,1877
03/29/2014,52328,10838,10284,1873
03/30/2014,52495,10863,10381,1873
03/31/2014,52420,10839,10374,1875
04/01/2014,52169,10804,10268,1880
04/02/2014,53345,11031,10285,1880
04/03/2014,53274,11035,10209,1882
04/04/2014,53288,11048,10157,1886
04/05/2014,53276,11057,10146,1880
04/06/2014,53511,11080,10286,1886
04/07/2014,53540,11065,10334,1895
04/08/2014,52309,10842,10308,1890
04/09/2014,52319,10835,10340,1894
04/10/2014,52302,10848,10309,1894
04/11/2014,52271,10865,10241,1893
04/12/2014,52254,10866,10202,1889
04/13/2014,52462,10897,10275,1893
04/14/2014,52438,10869,10324,1896
04/15/2014,52487,10853,10434,1888
04/16/2014,52585,10885,10443,1892
04/17/2014,52566,10887,10446,1889
04/18/2014,52430,10866,10386,1886
04/19/2014,52428,10890,10311,1887
04/20/2014,52591,10911,10408,1889
04/21/2014,52613,10893,10485,1887
04/22/2014,52516,10866,10492,1875
04/23/2014,52615,10893,10514,1873
04/24/2014,52602,10893,10507,1857
04/25/2014,52510,10902,10387,1862
04/26/2014,52583,10912,10419,1866
04/27/2014,52740,10941,10488,1872
04/28/2014,52804,10949,10533,1876
04/29/2014,52807,10922,10610,1873
04/30/2014,52807,10940,10579,1870
05/01/2014,52685,10967,10378,1878
05/02/2014,52536,10970,10211,1883
05/03/2014,52517,10972,10208,1877
05/04/2014,52748,10990,10348,1891
05/05/2014,52839,11001,10382,1895
05/06/2014,52793,10982,10390,1890
05/07/2014,52835,10989,10405,1896
05/08/2014,52919,11009,10412,1902
05/09/2014,52867,11020,10347,1903
05/10/2014,52887,11044,10290,1903
05/11/2014,53030,11072,10329,1912
05/12/2014,53118,11061,10424,1914
05/13/2014,53106,11045,10467,1914
05/14/2014,53195,11067,10482,1914
05/15/2014,53242,11088,10447,1912
05/16/2014,53121,11096,10320,1912
05/17/2014,53198,11113,10319,1918
05/18/2014,53402,11134,10437,1923
05/19/2014,53393,11131,10429,1919
05/20/2014,53339,11123,10413,1917
05/21/2014,53419,11157,10408,1915
05/22/2014,53377,11146,10429,1909
05/23/2014,53330,11147,10357,1912
05/24/2014,53243,11137,10337,1902
05/25/2014,53247,11160,10295,1896
05/26/2014,53265,11154,10333,1892
05/27/2014,53341,11138,10407,1905
05/28/2014,53327,11135,10404,1902
05/29/2014,53310,11129,10434,1896
05/30/2014,53212,11146,10282,1901
05/31/2014,53197,11139,10310,1897
06/01/2014,53383,11169,10392,1906
06/02/2014,53374,11162,10367,1914
06/03/2014,53324,11143,10363,1915
06/04/2014,53320,11144,10348,1913
06/05/2014,53352,11152,10363,1914
06/06/2014,53344,11177,10276,1921
06/07/2014,53336,11175,10233,1923
06/08/2014,53505,11197,10333,1924
06/09/2014,53513,11170,10405,1924
06/10/2014,53481,11164,10422,1913
06/11/2014,53544,11180,10422,1918
06/12/2014,53595,11200,10394,1926
06/13/2014,53586,11223,10317,1925
06/14/2014,53547,11221,10297,1920
06/15/2014,53630,11245,10323,1918
06/16/2014,53754,11250,10417,1920
06/17/2014,53650,11228,10393,1916
06/18/2014,53767,11244,10411,1928
06/19/2014,53835,11260,10425,1926
06/20/2014,53719,11257,10328,1926
06/21/2014,53733,11260,10332,1927
06/22/2014,53894,11288,10418,1923
06/27/2014,53736,11247,10336,1930
06/28/2014,53804,11288,10313,1922
06/29/2014,53986,11312,10394,1927
06/30/2014,53928,11292,10388,1924
07/01/2014,53742,11256,10338,1916
07/03/2014,53658,11253,10281,1920
07/04/2014,53608,11248,10240,1919
07/05/2014,53717,11277,10237,1930
07/06/2014,53892,11290,10366,1925
07/07/2014,53927,11280,10407,1924
07/08/2014,53968,11277,10451,1924
07/09/2014,54091,11318,10442,1933
07/10/2014,54102,11338,10416,1925
07/11/2014,54145,11350,10379,1934
07/12/2014,54125,11353,10331,1943
07/13/2014,54395,11387,10478,1947
07/14/2014,54417,11365,10537,1949
07/15/2014,54439,11358,10575,1944
07/16/2014,54404,11356,10565,1949
07/17/2014,54427,11376,10537,1954
07/18/2014,54374,11383,10457,1956
07/19/2014,54421,11386,10475,1965
07/20/2014,54602,11414,10569,1968
07/21/2014,54581,11401,10599,1967
07/22/2014,54421,11355,10588,1976
07/23/2014,54605,11395,10624,1976
07/24/2014,54706,11430,10614,1978
07/25/2014,54602,11431,10517,1984
07/26/2014,54554,11431,10459,1982
07/27/2014,54783,11465,10558,1984
07/29/2014,54763,11444,10600,1967
07/30/2014,54759,11436,10588,1974
07/31/2014,54742,11443,10519,1971
08/01/2014,54467,11423,10319,1969
08/02/2014,54471,11412,10358,1974
08/03/2014,54712,11438,10482,1985
08/04/2014,54765,11447,10494,2002
08/05/2014,54645,11406,10531,1999
08/06/2014,54711,11414,10539,2004
08/07/2014,54737,11417,10544,1997
08/08/2014,54726,11441,10468,1999
08/09/2014,54648,11439,10418,1984
08/10/2014,54945,11494,10540,1984
08/11/2014,54855,11434,10598,1995
08/12/2014,54851,11423,10620,1995
08/13/2014,54801,11416,10631,2000
08/14/2014,54793,11411,10612,2010
08/15/2014,54730,11415,10522,2014
08/16/2014,54617,11415,10463,2000
08/17/2014,54830,11445,10554,2008
08/18/2014,54874,11440,10626,2000
08/19/2014,54889,11431,10639,2004
08/20/2014,54920,11438,10641,2015
08/21/2014,54964,11452,10611,2016
08/22/2014,54944,11461,10560,2017
08/23/2014,54930,11453,10561,2020
08/24/2014,55097,11483,10636,2025
08/25/2014,55076,11459,10667,2023
08/26/2014,54979,11422,10695,2011
08/27/2014,55025,11440,10669,2014
08/28/2014,55036,11452,10636,2013
08/29/2014,54873,11450,10490,2015
08/30/2014,54929,11467,10502,2014
08/31/2014,55029,11477,10545,2025
09/01/2014,55174,11496,10605,2030
09/02/2014,55221,11485,10637,2038
09/03/2014,55050,11439,10607,2031
09/04/2014,55222,11475,10646,2023
09/05/2014,55222,11493,10568,2023
09/06/2014,55342,11517,10614,2023
09/07/2014,55498,11547,10686,2027
09/08/2014,55616,11539,10742,2050
09/09/2014,55552,11521,10767,2054
09/10/2014,55728,11571,10731,2058
09/11/2014,55727,11575,10732,2052
09/12/2014,55768,11599,10682,2052
09/13/2014,55784,11613,10680,2059
09/14/2014,56082,11655,10797,2072
09/15/2014,56014,11626,10790,2073
09/16/2014,56034,11627,10822,2075
09/17/2014,56017,11615,10840,2084
09/18/2014,56112,11654,10798,2091
09/19/2014,56145,11667,10803,2088
09/20/2014,56108,11660,10785,2089
09/21/2014,56288,11688,10849,2099
09/22/2014,56348,11698,10863,2100
09/23/2014,56219,11669,10855,2095
09/24/2014,56285,11675,10902,2091
09/25/2014,56220,11686,10837,2080
09/26/2014,56143,11700,10714,2087
09/27/2014,56190,11710,10755,2088
09/28/2014,56373,11738,10847,2092
,,,,
,,,,
,,,,
,,,,
10/03/2014,56274,11742,10742,2079
10/04/2014,56329,11747,10763,2081
10/05/2014,56676,11807,10902,2087
,,,,
,,,,
,,,,
,,,,
10/10/2014,56701,11823,10817,2099
10/11/2014,56749,11821,10865,2101
10/12/2014,56934,11856,10935,2107
,,,,
,,,,
10/15/2014,57060,11866,10995,2110
10/16/2014,56992,11861,10958,2113
10/17/2014,56993,11884,10876,2116
10/18/2014,57115,11923,10886,2114
10/19/2014,57328,11943,11009,2120
10/20/2014,57343,11938,11025,2120
10/21/2014,57323,11925,11044,2111
10/22/2014,57390,11933,11114,2109
10/23/2014,57432,11948,11114,2101
10/24/2014,57364,11962,10986,2110
10/25/2014,57343,11969,10968,2098
10/26/2014,57548,12000,11088,2102
10/27/2014,57490,11986,11063,2106
10/28/2014,57480,11966,11086,2104
10/29/2014,57540,11992,11082,2100
10/30/2014,57586,12013,11036,2102
10/31/2014,57530,12031,10932,2105
11/01/2014,57551,12024,10982,2104
11/02/2014,57645,12024,11071,2099
11/03/2014,57665,12027,11075,2107
11/04/2014,57729,12055,11076,2115
11/05/2014,57646,12031,11067,2108
11/06/2014,57648,12051,11045,2111
11/07/2014,57676,12048,11024,2119
11/08/2014,57878,12105,11006,2129
11/09/2014,58054,12126,11109,2139
11/10/2014,58032,12108,11120,2138
11/11/2014,58060,12112,11127,2135
11/12/2014,58143,12135,11138,2140
11/13/2014,58174,12135,11186,2129
11/14/2014,58139,12145,11115,2129
11/15/2014,58258,12172,11147,2127
11/16/2014,58326,12179,11201,2130
11/17/2014,58351,12171,11243,2138
11/18/2014,58354,12166,11277,2134
11/19/2014,58477,12190,11305,2153
11/20/2014,58562,12228,11294,2144
11/21/2014,58532,12241,11256,2133
11/22/2014,58491,12252,11233,2134
11/23/2014,58469,12247,11254,2117
11/24/2014,58504,12248,11252,2124
11/21/2014,58532,12241,11256,2133
11/22/2014,58491,12252,11233,2134
11/23/2014,58469,12247,11254,2117
11/25/2014,58525,12250,11265,2123
11/26/2014,58493,12242,11250,2129
11/27/2014,58457,12254,11140,2144
11/28/2014,58535,12266,11197,2136
11/29/2014,58521,12247,11218,2145
11/30/2014,58555,12243,11266,2140
12/01/2014,58484,12216,11262,2142
12/02/2014,58506,12219,11292,2136
12/03/2014,58652,12252,11302,2141
12/04/2014,58741,12279,11295,2138
12/05/2014,58706,12290,11240,2137
12/06/2014,58700,12284,11248,2145
12/07/2014,58853,12313,11308,2144
12/08/2014,58898,12313,11343,2149
12/09/2014,58939,12332,11349,2149
12/10/2014,58945,12339,11334,2146
12/11/2014,58959,12339,11325,2152
12/12/2014,58915,12350,11244,2145
12/13/2014,58870,12351,11229,2129
12/14/2014,59019,12368,11324,2130
12/15/2014,59032,12345,11392,2137
12/16/2014,58959,12320,11395,2126
12/17/2014,59068,12349,11390,2129
12/18/2014,59050,12353,11393,2124
12/19/2014,58929,12341,11335,2123
12/20/2014,58820,12322,11296,2128
12/21/2014,58944,12333,11366,2136
12/22/2014,58913,12316,11357,2135
12/23/2014,58736,12283,11318,2125
12/24/2014,58499,12245,11198,2122
12/25/2014,58549,12243,11248,2124
12/26/2014,58586,12248,11270,2130
12/27/2014,58504,12229,11256,2127
12/28/2014,58516,12216,11322,2123
12/29/2014,58541,12191,11399,2124
12/30/2014,58310,12146,11318,2123
12/31/2014,57941,12137,11000,2128
01/01/2015,58142,12134,11239,2127
01/02/2015,58180,12148,11236,2116
01/03/2015,58172,12135,11247,2118
01/04/2015,58330,12149,11360,2124
01/05/2015,58369,12135,11405,2132
01/06/2015,58352,12120,11451,2132
01/07/2015,58474,12145,11474,2145
01/08/2015,58551,12173,11473,2153
01/09/2015,58428,12162,11366,2163
01/10/2015,58487,12158,11424,2169
01/11/2015,58583,12166,11489,2170
01/12/2015,58643,12175,11513,2171
01/13/2015,58628,12161,11548,2171
01/14/2015,58640,12167,11548,2174
01/15/2015,58667,12168,11538,2181
01/16/2015,58624,12163,11536,2172
01/17/2015,58520,12151,11481,2166
01/18/2015,58644,12179,11530,2167
01/19/2015,58691,12179,11581,2168
01/20/2015,58714,12163,11629,2171
01/21/2015,58645,12141,11638,2169
01/22/2015,58655,12143,11666,2168
01/23/2015,58545,12141,11583,2165
01/24/2015,58472,12122,11596,2166
01/25/2015,58627,12141,11667,2172
01/26/2015,58602,12120,11715,2162
01/27/2015,58732,12151,11727,2169
01/28/2015,58723,12138,11727,2173
01/29/2015,58614,12118,11713,2162
01/29/2015,58614,12118,11713,2162
01/30/2015,58506,12114,11599,2169
01/31/2015,58413,12084,11613,2163
02/01/2015,58479,12088,11654,2172
02/02/2015,58587,12088,11721,2187
02/05/2015,58350,12034,11703,2171
02/06/2015,58346,12036,11678,2176
02/07/2015,58262,12032,11618,2167
02/08/2015,58429,12045,11736,2173
02/10/2015,58329,12001,11771,2166
02/11/2015,58288,11991,11775,2174
02/12/2015,58267,11972,11809,2169
02/13/2015,58230,11973,11773,2174
02/14/2015,58089,11967,11674,2176
02/15/2015,58210,11970,11771,2181
02/16/2015,58292,11982,11823,2189
02/16/2015,58292,11982,11823,2189
02/17/2015,58344,11992,11847,2184
02/18/2015,58284,11958,11886,2184
02/19/2015,58269,11960,11862,2181
02/20/2015,58211,11959,11851,2178
02/21/2015,58104,11955,11776,2165
02/22/2015,58156,11953,11835,2166
02/23/2015,58142,11929,11875,2168
02/24/2015,58073,11902,11896,2172
02/25/2015,58083,11900,11904,2167
02/26/2015,57975,11897,11850,2153
02/27/2015,57927,11910,11769,2160
02/28/2015,57839,11892,11793,2156
03/01/2015,57961,11911,11852,2164
03/02/2015,57963,11900,11850,2168
03/03/2015,57819,11856,11860,2159
03/04/2015,57909,11882,11882,2160
03/05/2015,57872,11869,11861,2163
03/06/2015,57866,11881,11815,2169
03/07/2015,57911,11903,11791,2172
03/08/2015,57969,11906,11839,2167
03/09/2015,58027,11923,11826,2171
03/10/2015,57783,11856,11868,2150
03/12/2015,57775,11874,11809,2160
03/16/2015,57757,11865,11884,2156
03/17/2015,57718,11853,11876,2158
03/18/2015,57720,11850,11908,2162
03/19/2015,57655,11842,11857,2169
03/20/2015,57624,11835,11841,2174
03/21/2015,57528,11829,11779,2172
03/22/2015,57675,11845,11884,2170
03/23/2015,57622,11814,11908,2173
03/24/2015,57536,11801,11915,2170
03/25/2015,57557,11805,11941,2174
03/26/2015,57405,11782,11851,2172
03/27/2015,57303,11762,11844,2167
03/28/2015,57191,11745,11814,2168
03/29/2015,57330,11764,11890,2174
03/30/2015,57333,11762,11893,2171
03/31/2015,57166,11743,11853,2164
04/01/2015,57089,11749,11769,2172
04/02/2015,57047,11756,11731,2170
04/03/2015,57001,11752,11699,2170
04/04/2015,57034,11749,11755,2174
04/05/2015,57181,11777,11821,2170
04/06/2015,57147,11766,11837,2163
04/07/2015,57025,11724,11877,2163
04/08/2015,57125,11738,11926,2167
04/09/2015,57201,11776,11909,2158
04/10/2015,57014,11765,11833,2150
04/11/2015,56954,11758,11813,2141
04/12/2015,57148,11787,11895,2141
04/13/2015,57125,11766,11937,2137
04/14/2015,57234,11789,11933,2149
04/15/2015,57211,11781,11923,2155
04/16/2015,57098,11767,11900,2139
04/17/2015,56911,11745,11804,2146
04/18/2015,56727,11728,11728,2137
04/19/2015,56911,11745,11861,2139
04/21/2015,56972,11737,11905,2146
04/22/2015,56880,11716,11936,2146
04/23/2015,56921,11736,11928,2147
04/24/2015,56824,11728,11850,2146
04/25/2015,56796,11732,11811,2142
04/26/2015,56907,11749,11870,2137
04/27/2015,56876,11730,11907,2131
04/28/2015,56847,11729,11884,2134
04/29/2015,56854,11735,11904,2125
04/30/2015,56810,11733,11855,2127
05/01/2015,56555,11737,11629,2126
05/02/2015,56427,11712,11568,2128
05/03/2015,56670,11729,11761,2126
05/04/2015,56640,11702,11782,2139
05/05/2015,56602,11689,11774,2142
05/06/2015,56755,11705,11843,2151
05/07/2015,56768,11735,11804,2141
05/08/2015,56701,11743,11721,2145
05/09/2015,56631,11715,11746,2145
05/10/2015,56670,11714,11764,2148
05/11/2015,56723,11704,11836,2152
05/12/2015,56583,11680,11829,2147
05/13/2015,56714,11714,11881,2149
05/14/2015,56734,11731,11860,2143
05/18/2015,56729,11725,11899,2148
05/19/2015,56655,11713,11850,2145
05/20/2015,56809,11739,11909,2157
05/21/2015,56840,11755,11926,2149
05/22/2015,56651,11731,11810,2160
05/23/2015,56680,11743,11808,2157
05/25/2015,56622,11727,11835,2155
05/26/2015,56611,11712,11875,2152
05/27/2015,56539,11683,11920,2151
05/28/2015,56527,11689,11931,2141
05/29/2015,56487,11711,11835,2144
05/30/2015,56352,11697,11760,2149
05/31/2015,56440,11698,11845,2152
06/01/2015,56562,11703,11923,2149
06/02/2015,56448,11673,11927,2147
06/03/2015,56506,11694,11930,2149
06/04/2015,56496,11715,11876,2149
06/05/2015,56410,11702,11868,2144
06/06/2015,56355,11706,11811,2145
06/07/2015,56378,11710,11865,2136
06/08/2015,56435,11707,11912,2134
06/09/2015,56362,11693,11886,2133
06/10/2015,56361,11689,11940,2138
06/11/2015,56314,11702,11862,2144
06/12/2015,56262,11701,11824,2144
06/13/2015,56143,11668,11831,2138
06/14/2015,56230,11676,11897,2137
06/15/2015,56322,11669,11970,2137
06/16/2015,56219,11644,11980,2125
06/17/2015,56186,11653,11974,2119
06/18/2015,56162,11656,11960,2123
06/19/2015,56070,11653,11880,2128
06/20/2015,56077,11643,11919,2126
06/21/2015,56143,11662,11925,2126
06/22/2015,56167,11653,11975,2135
06/23/2015,56137,11628,12019,2134
06/24/2015,56158,11635,12023,2127
06/25/2015,56098,11619,11993,2130
06/26/2015,55949,11594,11928,2128
06/27/2015,55932,11587,11968,2129
06/28/2015,55977,11599,11981,2136
06/29/2015,55941,11579,11994,2135
06/29/2015,55941,11579,11994,2135
06/30/2015,55889,11574,11990,2127
07/02/2015,55809,11597,11889,2126
07/03/2015,55702,11586,11838,2127
07/04/2015,55704,11607,11758,2131
07/05/2015,55804,11602,11892,2127
07/06/2015,55834,11595,11937,2132
07/07/2015,55821,11581,11960,2129
07/08/2015,55896,11592,11987,2138
07/09/2015,55913,11603,11997,2135
07/10/2015,55837,11610,11939,2129
07/11/2015,55764,11606,11902,2129
07/12/2015,55891,11635,11952,2126
07/13/2015,55997,11639,11995,2137
07/14/2015,55979,11627,11997,2132
07/15/2015,56091,11656,12033,2134
07/16/2015,56227,11689,12026,2129
07/17/2015,56133,11677,11959,2129
07/18/2015,55938,11631,11915,2128
07/19/2015,56071,11654,11949,2131
07/20/2015,56085,11627,12038,2127
07/21/2015,56073,11627,12061,2118
07/22/2015,56069,11639,12054,2111
07/23/2015,55985,11634,12013,2112
07/24/2015,55915,11633,11948,2101
07/25/2015,55926,11648,11946,2089
07/26/2015,56052,11662,12000,2088
07/27/2015,56100,11665,12034,2094
07/28/2015,56043,11640,12044,2093
07/29/2015,56174,11660,12075,2104
07/30/2015,56170,11665,12062,2107
07/31/2015,55965,11633,11954,2114
08/01/2015,55949,11648,11892,2115
08/02/2015,56135,11680,11964,2115
08/03/2015,56284,11688,12038,2125
08/03/2015,56284,11688,12038,2125
08/04/2015,56133,11671,12023,2115
08/05/2015,56242,11705,12095,2106
08/06/2015,56173,11694,12066,2110
08/07/2015,56111,11718,11951,2111
08/08/2015,56029,11693,11947,2114
08/09/2015,56226,11713,12071,2114
08/10/2015,56421,11746,12116,2128
08/11/2015,56407,11732,12125,2126
08/12/2015,56485,11735,12145,2130
08/13/2015,56544,11741,12145,2137
08/14/2015,56597,11776,12078,2135
08/15/2015,56493,11772,12023,2129
08/16/2015,56593,11774,12111,2132
08/17/2015,56564,11754,12134,2132
08/18/2015,56444,11713,12153,2127
08/19/2015,56628,11772,12150,2136
08/20/2015,56673,11792,12134,2130
08/21/2015,56629,11794,12074,2127
08/22/2015,56572,11796,12011,2127
08/23/2015,56690,11809,12118,2127
08/24/2015,56741,11802,12159,2131
08/25/2015,56713,11799,12145,2126
08/26/2015,56647,11790,12109,2131
08/27/2015,56744,11807,12159,2133
08/28/2015,56542,11775,12077,2133
08/29/2015,56583,11788,12088,2131
08/30/2015,56715,11809,12153,2134
08/31/2015,56731,11785,12210,2134
09/01/2015,56635,11782,12143,2130
09/02/2015,56720,11827,12132,2123
09/03/2015,56763,11838,12125,2126
09/04/2015,56730,11856,12067,2131
09/05/2015,56706,11860,12046,2133
09/06/2015,56725,11876,12065,2129
09/07/2015,56963,11914,12160,2132
09/08/2015,56970,11907,12179,2135
09/09/2015,56949,11886,12225,2141
09/10/2015,57047,11912,12249,2140
09/11/2015,57102,11951,12165,2134
09/12/2015,56928,11914,12183,2119
09/13/2015,57140,11951,12264,2122
09/14/2015,57224,11958,12273,2132
09/15/2015,57206,11937,12300,2137
09/16/2015,57264,11953,12296,2135
09/17/2015,57209,11939,12297,2135
09/18/2015,57162,11935,12245,2145
09/19/2015,57059,11919,12229,2141
09/20/2015,57070,11893,12311,2140
09/21/2015,57059,11883,12327,2144
09/21/2015,57059,11883,12327,2144
09/22/2015,57209,11911,12396,2148
09/23/2015,57206,11912,12398,2158
09/24/2015,57223,11936,12385,2158
09/25/2015,57241,11967,12262,2162
09/26/2015,57121,11938,12233,2151
09/27/2015,57272,11963,12331,2154
09/28/2015,57364,11971,12382,2159
09/29/2015,57285,11964,12360,2158
09/30/2015,57366,11975,12389,2161
10/01/2015,57237,11966,12316,2167
10/02/2015,57218,11966,12297,2167
10/03/2015,57105,11925,12331,2158
10/04/2015,57202,11943,12384,2164
10/05/2015,57276,11950,12405,2164
10/06/2015,57239,11933,12428,2159
10/07/2015,57259,11950,12420,2154
10/08/2015,57182,11929,12435,2157
10/09/2015,57255,11982,12335,2161
10/10/2015,57124,11951,12310,2158
10/11/2015,57170,11940,12384,2162
10/12/2015,57364,11964,12459,2176
10/13/2015,57460,11998,12480,2171
10/14/2015,57353,11982,12456,2166
10/15/2015,57300,11969,12498,2163
10/16/2015,57314,11988,12445,2168
10/17/2015,57320,11988,12469,2165
10/18/2015,57386,11987,12547,2160
10/19/2015,57546,12018,12559,2178
10/20/2015,57423,11990,12516,2175
10/21/2015,57410,11979,12528,2175
10/22/2015,57448,11978,12582,2168
10/23/2015,57397,11984,12527,2163
10/24/2015,57428,11999,12543,2167
10/25/2015,57369,11968,12601,2169
10/26/2015,57460,11976,12626,2173
10/27/2015,57410,11963,12611,2171
10/28/2015,57575,11989,12684,2168
10/29/2015,57618,12008,12646,2170
10/30/2015,57456,12005,12520,2174
10/31/2015,57414,12021,12451,2176
11/01/2015,57407,11989,12534,2166
11/03/2015,57451,11985,12563,2171
11/04/2015,57484,11990,12605,2176
11/05/2015,57478,12007,12623,2165
11/06/2015,57419,12026,12511,2166
11/07/2015,57447,12030,12550,2153
11/08/2015,57543,12034,12653,2155
11/09/2015,57756,12081,12692,2174
11/10/2015,57722,12069,12728,2170
11/11/2015,57805,12090,12730,2174
11/12/2015,57774,12089,12709,2182
11/13/2015,57801,12103,12686,2179
11/14/2015,57676,12080,12628,2177
11/15/2015,57700,12069,12674,2181
11/16/2015,57856,12094,12734,2195
11/17/2015,57903,12099,12742,2187
11/18/2015,57930,12120,12763,2177
11/19/2015,57905,12112,12799,2170
11/20/2015,57926,12139,12727,2181
11/21/2015,57742,12105,12653,2172
11/22/2015,57895,12120,12752,2175
11/23/2015,58037,12144,12801,2185
11/24/2015,57954,12131,12791,2178
11/25/2015,57962,12167,12718,2174
11/26/2015,57956,12191,12626,2181
11/27/2015,57993,12194,12657,2181
11/28/2015,57907,12148,12701,2184
11/29/2015,57855,12118,12772,2181
11/30/2015,57967,12113,12843,2192
12/01/2015,57733,12070,12753,2187
12/02/2015,57753,12098,12736,2177
12/03/2015,57769,12122,12724,2179
12/04/2015,57637,12121,12581,2189
12/05/2015,57716,12112,12708,2180
12/06/2015,57836,12125,12780,2185
12/07/2015,57967,12151,12858,2182
12/08/2015,57978,12149,12884,2185
12/09/2015,57984,12153,12859,2195
12/10/2015,58070,12169,12891,2195
12/11/2015,57852,12151,12769,2192
12/12/2015,57830,12148,12740,2188
12/13/2015,57971,12166,12837,2195
12/14/2015,57998,12166,12844,2198
12/15/2015,57965,12148,12868,2198
12/16/2015,58026,12166,12881,2203
12/17/2015,58036,12185,12849,2192
12/18/2015,57881,12151,12790,2199
12/19/2015,57854,12160,12776,2186
12/20/2015,57953,12152,12871,2191
12/21/2015,58009,12158,12900,2192
12/22/2015,57985,12162,12869,2184
12/23/2015,57902,12150,12845,2175
12/24/2015,57689,12157,12613,2180
12/25/2015,57711,12158,12635,2185
12/26/2015,57699,12145,12673,2182
12/27/2015,57730,12121,12777,2183
12/28/2015,57896,12127,12905,2197
12/29/2015,57838,12113,12887,2189
12/30/2015,57914,12154,12824,2195
12/31/2015,57338,12152,12285,2197
01/01/2016,57629,12146,12592,2199
01/02/2016,57678,12144,12642,2200
01/03/2016,57788,12128,12804,2200
01/04/2016,57929,12118,12968,2200
01/05/2016,58008,12138,12975,2200
01/06/2016,58086,12174,12957,2204
01/07/2016,58137,12186,12959,2205
01/08/2016,58013,12198,12871,2201
01/09/2016,57920,12185,12857,2196
01/10/2016,58077,12211,12932,2203
01/11/2016,58158,12217,12960,2208
01/12/2016,58242,12244,12985,2209
01/13/2016,58290,12247,13023,2214
01/14/2016,58355,12274,13013,2222
01/15/2016,58155,12244,12915,2233
01/16/2016,58064,12230,12887,2225
01/17/2016,58260,12257,12952,2231
01/18/2016,58370,12277,13002,2234
01/19/2016,58439,12296,13028,2234
01/20/2016,58305,12258,13035,2242
01/21/2016,57983,12208,13062,2231
01/22/2016,58283,12274,13004,2223
01/23/2016,58169,12279,12839,2230
01/24/2016,58395,12323,12928,2231
01/25/2016,58395,12291,13018,2229
01/26/2016,58301,12256,13050,2226
01/27/2016,58203,12235,13010,2233
01/28/2016,58209,12224,13022,2235
01/29/2016,58191,12240,12977,2227
01/30/2016,58133,12237,12963,2220
01/31/2016,58184,12243,12993,2225
02/01/2016,58128,12248,12914,2229
02/02/2016,58143,12244,12932,2224
02/03/2016,58231,12278,12933,2229
02/04/2016,58191,12283,12902,2230
02/05/2016,58081,12256,12876,2231
02/06/2016,58014,12240,12858,2242
02/07/2016,58118,12257,12900,2242
02/08/2016,58183,12245,13032,2242
02/09/2016,58208,12244,13053,2243
02/10/2016,58225,12250,13062,2245
02/11/2016,58276,12233,13120,2249
02/12/2016,58091,12206,13050,2247
02/13/2016,58104,12206,13029,2251
02/14/2016,58217,12229,13070,2253
02/15/2016,58336,12239,13130,2263
02/16/2016,58351,12238,13139,2261
02/17/2016,58318,12225,13166,2251
02/18/2016,58277,12226,13159,2238
02/19/2016,58227,12230,13083,2244
02/20/2016,58043,12195,13032,2235
02/21/2016,58143,12204,13123,2229
02/22/2016,58288,12234,13179,2236
02/23/2016,58245,12202,13216,2238
02/24/2016,58231,12220,13192,2231
02/25/2016,58247,12229,13209,2233
02/26/2016,58153,12216,13165,2226
02/27/2016,58016,12208,13090,2229
02/28/2016,58091,12228,13130,2221
02/29/2016,58116,12211,13201,2228
03/01/2016,58039,12206,13148,2228
03/02/2016,58101,12215,13175,2234
03/03/2016,58066,12205,13191,2233
03/04/2016,57995,12202,13129,2237
03/05/2016,57830,12163,13117,2235
03/06/2016,57892,12167,13169,2235
03/07/2016,58034,12195,13192,2247
03/08/2016,57974,12188,13182,2242
03/09/2016,57941,12189,13159,2247
03/10/2016,57915,12195,13116,2250
03/11/2016,57714,12141,13084,2250
03/12/2016,57592,12124,13052,2246
03/13/2016,57705,12136,13116,2255
03/14/2016,57821,12155,13181,2252
03/15/2016,57811,12144,13199,2252
03/16/2016,57850,12172,13167,2252
03/17/2016,57821,12184,13127,2251
03/18/2016,57745,12160,13104,2254
03/19/2016,57712,12161,13088,2245
03/20/2016,57872,12174,13202,2252
03/21/2016,57977,12187,13237,2249
03/22/2016,57805,12124,13250,2248
03/23/2016,57867,12153,13232,2259
03/24/2016,57846,12185,13174,2247
03/25/2016,57673,12163,13104,2249
03/26/2016,57707,12156,13146,2248
03/27/2016,57737,12162,13163,2251
03/28/2016,57830,12160,13250,2246
03/29/2016,57806,12144,13270,2250
03/30/2016,57823,12153,13251,2260
03/31/2016,57761,12171,13142,2255
04/01/2016,57493,12155,12965,2255
04/02/2016,57527,12151,12985,2258
04/03/2016,57767,12192,13093,2259
04/04/2016,57918,12189,13210,2265
04/05/2016,57850,12182,13209,2267
04/06/2016,57900,12209,13176,2270
04/07/2016,57977,12233,13182,2277
04/08/2016,57805,12209,13111,2278
04/09/2016,57706,12196,13102,2275
04/10/2016,57785,12192,13167,2290
04/11/2016,57994,12249,13192,2291
04/12/2016,57996,12261,13213,2293
04/13/2016,57952,12263,13168,2288
04/14/2016,57937,12248,13194,2286
04/15/2016,57803,12243,13103,2282
04/16/2016,57744,12251,13038,2277
04/17/2016,57816,12246,13120,2280
04/18/2016,57921,12261,13180,2280
04/19/2016,57867,12254,13178,2272
04/20/2016,57860,12264,13150,2271
04/21/2016,57845,12266,13147,2270
04/22/2016,57711,12253,13064,2280
04/23/2016,57653,12243,13067,2270
04/24/2016,57753,12246,13143,2279
04/25/2016,57840,12264,13178,2286
04/28/2016,58118,12334,13245,2286
04/29/2016,57815,12305,13037,2287
04/30/2016,57793,12299,13027,2285
05/01/2016,58015,12321,13169,2291
05/02/2016,58004,12324,13169,2294
05/03/2016,58059,12347,13157,2291
05/04/2016,58102,12369,13171,2282
05/05/2016,58057,12369,13137,2284
05/06/2016,57993,12359,13101,2289
05/07/2016,57870,12348,13055,2280
05/08/2016,58003,12379,13111,2279
05/09/2016,58003,12345,13163,2290
05/10/2016,57855,12327,13119,2293
05/11/2016,57811,12338,13048,2295
05/12/2016,57848,12337,13086,2294
05/13/2016,57880,12351,13073,2297
05/14/2016,57783,12336,13043,2283
05/15/2016,57894,12349,13129,2280
05/16/2016,58060,12388,13151,2291
05/17/2016,58050,12382,13149,2298
05/18/2016,58161,12398,13203,2299
05/19/2016,58038,12368,13197,2303
05/20/2016,57915,12359,13065,2310
05/21/2016,57809,12322,13082,2300
05/22/2016,57908,12341,13126,2307
05/23/2016,57968,12343,13170,2319
05/24/2016,57862,12311,13162,2320
05/25/2016,57830,12320,13126,2326
05/26/2016,57744,12314,13104,2316
05/27/2016,57601,12283,13063,2315
05/28/2016,57476,12264,12961,2320
05/29/2016,57636,12293,13015,2328
05/30/2016,57644,12279,13071,2330
06/01/2016,57641,12304,13010,2331
06/02/2016,57738,12322,13059,2333
06/03/2016,57619,12317,12962,2343
06/04/2016,57620,12313,12974,2338
06/05/2016,57853,12354,13078,2345
06/06/2016,57839,12339,13094,2356
06/07/2016,57774,12336,13091,2353
06/08/2016,57913,12358,13160,2355
06/09/2016,57957,12382,13127,2353
06/10/2016,57691,12399,12814,2351
06/11/2016,57692,12373,12936,2350
06/12/2016,57871,12393,13062,2347
06/13/2016,57912,12387,13118,2345
06/14/2016,57908,12385,13127,2351
06/15/2016,57923,12404,13109,2350
06/16/2016,57962,12413,13105,2350
06/17/2016,57893,12407,13043,2348
06/18/2016,57779,12398,12974,2341
06/19/2016,57873,12398,13064,2347
06/20/2016,57924,12385,13125,2352
06/21/2016,57839,12360,13114,2347
06/22/2016,57787,12359,13088,2346
06/23/2016,57794,12360,13105,2337
06/24/2016,57733,12371,13038,2331
06/25/2016,57502,12333,12954,2323
06/26/2016,57634,12353,13024,2323
06/27/2016,57759,12372,13074,2337
06/28/2016,57740,12359,13128,2331
06/29/2016,57779,12388,13051,2334
06/30/2016,57787,12413,12989,2342
07/01/2016,57440,12358,12853,2330
07/02/2016,57348,12355,12784,2323
07/03/2016,57564,12391,12847,2336
07/04/2016,57689,12424,12877,2338
07/05/2016,57737,12409,12979,2349
07/06/2016,57705,12386,12992,2355
07/07/2016,57791,12405,13002,2357
07/08/2016,57742,12411,12920,2358
07/09/2016,57791,12446,12887,2344
07/10/2016,57918,12459,12953,2350
07/11/2016,57957,12459,12981,2355
07/12/2016,57999,12472,12981,2357
07/13/2016,57997,12461,13006,2357
07/14/2016,58171,12503,13028,2358
07/15/2016,58199,12555,12901,2364
07/16/2016,58214,12563,12900,2361
07/17/2016,58318,12595,12896,2360
07/18/2016,58480,12591,13046,2371
07/19/2016,58243,12545,12976,2356
07/20/2016,58328,12569,12997,2356
07/21/2016,58430,12616,12978,2353
07/22/2016,58274,12597,12882,2347
07/23/2016,58279,12602,12886,2339
07/24/2016,58357,12627,12881,2338
07/25/2016,58411,12615,12983,2352
07/27/2016,58391,12611,12989,2349
07/28/2016,58347,12620,12961,2343
07/29/2016,58280,12610,12883,2357
07/30/2016,58337,12626,12875,2357
07/31/2016,58546,12667,12919,2365
08/01/2016,58526,12640,12946,2370
08/02/2016,58501,12626,12971,2374
08/03/2016,58508,12631,12975,2369
08/04/2016,58665,12701,12947,2374
08/05/2016,58502,12689,12880,2361
08/06/2016,58622,12711,12889,2375
08/07/2016,58861,12750,12971,2378
08/08/2016,58917,12748,13018,2382
08/09/2016,58940,12763,13033,2374
08/10/2016,58959,12775,13017,2384
08/11/2016,59108,12830,13037,2380
08/12/2016,59063,12841,12968,2376
08/13/2016,58935,12816,12901,2372
08/14/2016,59088,12844,12984,2367
08/15/2016,59210,12875,12992,2377
08/16/2016,59074,12836,12970,2381
08/17/2016,59163,12857,13000,2381
08/18/2016,59124,12837,13028,2381
08/19/2016,59016,12848,12920,2372
08/20/2016,59018,12886,12820,2366
08/21/2016,59266,12902,13010,2374
08/22/2016,59318,12889,13071,2379
08/23/2016,59365,12904,13104,2364
08/24/2016,59373,12913,13073,2385
08/25/2016,59314,12913,13068,2372
08/26/2016,59260,12941,12947,2376
08/27/2016,59212,12949,12882,2370
08/28/2016,59237,12917,12980,2379
08/29/2016,59335,12934,13033,2384
08/30/2016,59337,12926,13043,2391
08/31/2016,59477,12957,13058,2399
09/01/2016,59481,12976,13023,2383
09/02/2016,59312,12942,12923,2387
09/03/2016,59303,12955,12925,2378
09/04/2016,59267,12936,13004,2377
09/05/2016,59295,12927,13033,2385
09/06/2016,59295,12916,13073,2389
09/07/2016,59321,12931,13074,2381
09/08/2016,59279,12933,13049,2379
09/09/2016,59413,12967,13046,2384
09/10/2016,59323,12959,12999,2386
09/11/2016,59463,12986,13037,2394
09/12/2016,59504,12996,13046,2395
09/13/2016,59527,12989,13090,2383
09/14/2016,59548,12985,13108,2390
09/15/2016,59662,13026,13112,2398
09/16/2016,59609,13038,13026,2396
09/17/2016,59660,13050,13028,2389
09/18/2016,59698,13040,13096,2402
09/19/2016,59734,13018,13164,2409
09/20/2016,59786,13037,13158,2418
09/21/2016,59853,13062,13167,2414
09/22/2016,59763,13031,13149,2410
09/23/2016,59787,13058,13089,2410
09/24/2016,59624,13027,13050,2397
09/25/2016,59857,13080,13115,2399
09/26/2016,59939,13094,13146,2405
09/27/2016,59784,13048,13155,2395
09/28/2016,59948,13073,13237,2403
09/29/2016,59918,13067,13227,2406
09/30/2016,59770,13059,13140,2402
10/01/2016,59718,13060,13121,2403
10/02/2016,59887,13093,13198,2402
10/03/2016,59791,13066,13225,2404
10/04/2016,59874,13075,13262,2408
10/05/2016,59816,13095,13180,2406
10/06/2016,59928,13124,13195,2409
10/07/2016,59784,13088,13169,2411
10/08/2016,59727,13083,13171,2401
10/09/2016,59887,13115,13212,2406
10/10/2016,59908,13101,13268,2417
10/11/2016,59940,13117,13219,2424
10/12/2016,59962,13098,13303,2422
10/13/2016,59999,13102,13326,2427
10/15/2016,59888,13074,13288,2431
10/14/2016,59966,13098,13326,2423
10/15/2016,59888,13074,13288,2431
10/16/2016,59993,13088,13321,2432
10/17/2016,59964,13059,13383,2433
10/18/2016,60017,13066,13421,2426
10/19/2016,60030,13073,13422,2427
10/20/2016,60059,13089,13425,2420
10/21/2016,59807,13034,13372,2387
10/22/2016,59830,13043,13394,2386
10/23/2016,59917,13070,13410,2391
10/24/2016,59898,13084,13313,2401
10/25/2016,60098,13105,13432,2415
10/27/2016,60233,13143,13427,2423
10/26/2016,60127,13114,13433,2415
10/28/2016,60180,13137,13400,2424
10/29/2016,60133,13124,13377,2431
10/27/2016,60233,13143,13427,2423
10/30/2016,60243,13139,13421,2437
10/31/2016,60252,13154,13376,2433
11/01/2016,60252,13147,13345,2442
11/02/2016,60231,13131,13336,2447
11/03/2016,60283,13133,13398,2446
11/04/2016,60253,13117,13391,2440
11/05/2016,60272,13116,13405,2437
11/06/2016,60399,13130,13478,2446
11/07/2016,60418,13136,13471,2455
11/08/2016,60373,13130,13472,2453
11/09/2016,60540,13170,13509,2467
11/10/2016,60569,13178,13523,2472
11/11/2016,60578,13197,13487,2473
11/12/2016,60579,13192,13489,2469
11/13/2016,60699,13225,13502,2476
11/14/2016,60674,13200,13511,2483
11/15/2016,60588,13176,13534,2476
11/16/2016,60667,13207,13523,2480
11/17/2016,60709,13212,13544,2483
11/18/2016,60608,13217,13449,2480
11/19/2016,60318,13144,13444,2468
11/20/2016,60424,13145,13518,2473
11/21/2016,60445,13169,13414,2500
11/22/2016,60507,13148,13535,2500
11/23/2016,60504,13156,13492,2509
11/24/2016,60577,13188,13443,2513
11/25/2016,60484,13154,13437,2520
11/26/2016,60504,13157,13446,2519
11/27/2016,60582,13159,13520,2511
11/28/2016,60602,13163,13512,2517
11/29/2016,60553,13153,13524,2505
11/30/2016,60579,13163,13502,2506
12/01/2016,60567,13170,13506,2496
12/02/2016,60563,13187,13447,2502
12/03/2016,60488,13171,13405,2503
12/04/2016,60671,13199,13495,2499
12/05/2016,60686,13189,13519,2514
12/06/2016,60667,13195,13522,2503
12/07/2016,60702,13204,13538,2503
12/08/2016,60623,13179,13551,2511
12/09/2016,60531,13159,13500,2515
12/10/2016,60449,13147,13448,2523
12/11/2016,60384,13108,13500,2522
12/12/2016,60480,13121,13524,2529
12/13/2016,60581,13146,13511,2533
12/14/2016,60662,13151,13535,2530
12/15/2016,60688,13160,13576,2526
12/16/2016,60552,13138,13528,2525
12/17/2016,60447,13105,13487,2530
12/18/2016,60434,13083,13563,2527
12/19/2016,60494,13095,13581,2532
12/20/2016,60401,13076,13577,2521
12/21/2016,60382,13062,13594,2530
12/22/2016,60313,13049,13585,2524
12/23/2016,60172,13021,13526,2519
12/24/2016,59972,12983,13456,2518
12/25/2016,60080,13009,13457,2534
12/26/2016,60106,12984,13548,2544
12/27/2016,60115,12983,13566,2538
12/27/2016,60115,12983,13566,2538
12/28/2016,60187,12992,13622,2532
12/29/2016,60141,12986,13588,2533
12/30/2016,59943,12958,13486,2533
12/31/2016,59644,12952,13228,2524
01/01/2017,59895,12965,13433,2528
01/02/2017,60056,12971,13581,2527
01/03/2017,60022,12956,13594,2528
01/04/2017,60041,12951,13637,2523
01/05/2017,60150,12992,13658,2516
01/06/2017,60091,12990,13574,2523
01/07/2017,60215,13013,13593,2526
01/08/2017,60249,13017,13635,2524
01/09/2017,60373,13040,13673,2529
01/10/2017,60237,12998,13672,2526
01/11/2017,60248,13017,13614,2531
01/12/2017,60244,13021,13572,2535
01/13/2017,60259,13033,13571,2521
01/14/2017,60198,13017,13565,2519
01/15/2017,60188,13010,13603,2520
01/16/2017,60115,13008,13545,2520
01/17/2017,60306,13024,13660,2526
01/19/2017,60275,13000,13669,2527
01/20/2017,60240,13016,13642,2511
01/21/2017,60226,13000,13685,2516
01/26/2017,60424,13056,13764,2506
01/27/2017,60334,13037,13719,2501
01/28/2017,60246,13013,13695,2502
01/29/2017,60309,13013,13742,2514
01/30/2017,60403,13033,13775,2520
01/31/2017,60321,13021,13740,2509
02/01/2017,60183,12997,13712,2509
02/02/2017,60109,12981,13706,2511
02/03/2017,60073,12980,13683,2497
02/04/2017,60112,12985,13679,2494
02/05/2017,60229,13001,13738,2494
02/06/2017,60330,13000,13799,2499
02/07/2017,60179,12959,13783,2495
02/08/2017,60198,12953,13789,2502
02/09/2017,60311,12978,13827,2514
02/10/2017,60198,12955,13779,2510
02/11/2017,60076,12934,13753,2498
02/12/2017,60111,12915,13830,2503
02/13/2017,60097,12939,13733,2508
02/14/2017,60155,12922,13856,2502
02/15/2017,60126,12909,13861,2507
02/16/2017,60105,12918,13854,2500
02/17/2017,60033,12918,13820,2496
02/18/2017,59976,12918,13775,2489
02/19/2017,59966,12908,13816,2483
02/20/2017,60048,12913,13845,2500
02/21/2017,60061,12897,13858,2503
02/22/2017,59972,12867,13864,2504
02/23/2017,59955,12881,13831,2503
02/24/2017,59843,12876,13747,2505
02/25/2017,59866,12885,13757,2501
02/26/2017,59944,12882,13846,2500
02/27/2017,59997,12885,13851,2501
02/28/2017,59909,12858,13868,2495
03/01/2017,59830,12863,13763,2501
03/02/2017,59794,12837,13796,2508
03/03/2017,59757,12826,13788,2506
03/04/2017,59738,12823,13797,2500
03/05/2017,59758,12818,13821,2503
03/06/2017,59910,12849,13886,2509
03/07/2017,59842,12842,13900,2488
03/08/2017,59735,12832,13881,2487
03/09/2017,59793,12843,13877,2492
03/10/2017,59597,12800,13845,2493
03/11/2017,59630,12822,13812,2491
03/12/2017,59582,12821,13746,2500
03/13/2017,59851,12830,13919,2520
03/14/2017,59860,12815,13948,2526
03/15/2017,59830,12788,14021,2517
03/16/2017,59760,12784,13966,2509
03/17/2017,59686,12788,13913,2500
03/18/2017,59464,12737,13911,2487
03/19/2017,59489,12739,13924,2488
03/20/2017,59537,12742,13930,2500
03/21/2017,59374,12694,13935,2494
03/22/2017,59377,12690,13952,2495
03/23/2017,59404,12706,13938,2490
03/24/2017,59281,12674,13900,2498
03/25/2017,59158,12654,13850,2501
03/26/2017,59244,12662,13897,2507
03/27/2017,59355,12684,13937,2507
03/28/2017,59253,12657,13941,2502
03/29/2017,59244,12668,13887,2507
03/30/2017,59240,12669,13891,2506
03/31/2017,59042,12631,13820,2507
04/01/2017,58774,12571,13794,2495
04/02/2017,58793,12584,13770,2496
04/03/2017,58983,12605,13913,2487
04/04/2017,58963,12594,13888,2505
04/05/2017,58965,12585,13914,2512
04/06/2017,58881,12552,13959,2501
04/07/2017,58803,12542,13925,2500
04/08/2017,58790,12541,13908,2497
04/09/2017,58872,12553,13939,2495
04/10/2017,58918,12557,13935,2508
04/11/2017,58869,12560,13918,2496
04/12/2017,58793,12529,13925,2501
04/18/2017,58835,12478,14020,2529
04/19/2017,58921,12497,14060,2533
04/20/2017,58930,12511,14032,2536
04/21/2017,58860,12501,13963,2550
04/22/2017,58927,12516,13970,2548
04/23/2017,59031,12546,14000,2545
04/24/2017,59051,12536,14026,2557
04/25/2017,59038,12536,14035,2532
04/26/2017,59011,12530,14012,2542
04/27/2017,59059,12556,14002,2542
04/28/2017,58927,12562,13897,2533
04/29/2017,58756,12509,13888,2521
04/30/2017,58878,12508,13971,2540
05/01/2017,58892,12527,13925,2543
05/02/2017,58702,12479,13966,2498
05/03/2017,58803,12502,13970,2512
05/04/2017,58704,12484,13965,2488
05/05/2017,58543,12452,13940,2478
05/06/2017,58506,12443,13911,2486
05/07/2017,58644,12454,13986,2485
05/08/2017,58753,12472,14010,2494
05/09/2017,58721,12460,13994,2493
05/10/2017,58745,12492,13939,2498
05/11/2017,58750,12488,13985,2494
05/12/2017,58646,12456,13964,2498
05/13/2017,58695,12469,14000,2491
05/15/2017,58619,12437,13988,2498
05/16/2017,58634,12435,14035,2493
05/17/2017,58809,12489,14045,2500
05/18/2017,58667,12454,13994,2499
05/19/2017,58621,12457,13962,2501
05/20/2017,58693,12482,13987,2496
05/21/2017,58703,12476,14021,2504
05/22/2017,58716,12463,14064,2496
05/23/2017,58581,12436,14038,2481
05/28/2017,58541,12476,13960,2465
05/29/2017,58550,12456,14045,2458
05/30/2017,58505,12430,14079,2459
05/31/2017,58412,12413,14058,2455
06/01/2017,58261,12419,13950,2452
06/02/2017,58322,12443,13887,2465
06/03/2017,58200,12408,13882,2457
06/01/2017,58261,12419,13950,2452
06/02/2017,58322,12443,13887,2465
06/03/2017,58200,12408,13882,2457
06/04/2017,58349,12426,13980,2462
06/01/2017,58261,12419,13950,2452
06/02/2017,58322,12443,13887,2465
06/03/2017,58200,12408,13882,2457
06/04/2017,58349,12426,13980,2462
06/05/2017,58474,12433,14040,2473
06/06/2017,58302,12406,13934,2474
06/06/2017,58302,12406,13934,2474
06/07/2017,58463,12433,14052,2473
06/08/2017,58381,12398,14078,2480
06/09/2017,58298,12411,14003,2470
06/10/2017,58210,12393,13939,2476
06/11/2017,58257,12401,13964,2470
06/12/2017,58238,12400,13963,2469
06/13/2017,58168,12362,13968,2477
06/14/2017,58264,12396,13974,2479
06/15/2017,58250,12386,13997,2474
06/16/2017,58195,12398,13923,2460
06/17/2017,58180,12388,13943,2461
06/18/2017,58284,12414,13953,2467
06/19/2017,58404,12422,14023,2469
06/20/2017,58218,12375,14008,2473
06/21/2017,58245,12394,13998,2470
06/25/2017,58290,12406,13973,2471
06/26/2017,58273,12407,13966,2460
06/27/2017,58351,12404,14043,2448
06/28/2017,58369,12439,13985,2449
06/29/2017,58371,12443,13980,2444
06/30/2017,58159,12439,13838,2431
07/01/2017,58141,12418,13835,2432
07/02/2017,58134,12388,13888,2437
07/03/2017,58101,12371,13877,2450
07/04/2017,57937,12349,13804,2438
07/05/2017,58128,12365,13903,2459
07/06/2017,58160,12368,13949,2452
07/07/2017,58153,12382,13887,2456
07/08/2017,58157,12398,13833,2452
07/09/2017,58250,12387,13931,2463
07/10/2017,58273,12393,13937,2465
07/11/2017,58271,12385,13935,2475
07/12/2017,58319,12395,13948,2467
07/13/2017,58257,12384,13934,2467
07/14/2017,58356,12428,13914,2469
07/15/2017,58376,12448,13885,2468
07/16/2017,58479,12452,13957,2469
07/17/2017,58483,12435,14009,2469
07/18/2017,58417,12421,14016,2462
07/19/2017,58482,12442,13997,2469
07/20/2017,58498,12431,14037,2466
07/21/2017,58438,12435,13966,2477
07/22/2017,58450,12452,13939,2480
07/23/2017,58490,12438,14010,2486
07/24/2017,58491,12417,14049,2489
07/25/2017,58515,12416,14061,2486
07/26/2017,58575,12431,14079,2488
07/27/2017,58595,12433,14081,2492
07/28/2017,58513,12431,13981,2495
07/29/2017,58491,12423,13986,2494
07/30/2017,58553,12429,14033,2493
07/31/2017,58574,12423,14037,2503
08/01/2017,58365,12379,13957,2501
08/02/2017,58448,12393,14025,2507
08/03/2017,58528,12424,13976,2509
08/04/2017,58519,12429,13928,2512
08/05/2017,58562,12444,13933,2511
08/06/2017,58765,12464,14059,2517
08/07/2017,58803,12462,14116,2509
08/08/2017,58728,12435,14120,2504
08/09/2017,58675,12431,14095,2508
08/10/2017,58836,12482,14110,2513
08/11/2017,58733,12476,14026,2519
08/12/2017,58752,12480,14022,2521
08/13/2017,58916,12508,14108,2515
08/14/2017,58979,12504,14158,2525
08/15/2017,58975,12501,14168,2526
08/16/2017,59114,12529,14178,2533
08/17/2017,58945,12501,14163,2511
08/18/2017,58876,12500,14076,2516
08/19/2017,58802,12484,14057,2516
08/20/2017,58957,12502,14128,2522
08/21/2017,59052,12518,14167,2527
08/22/2017,58992,12510,14132,2519
08/23/2017,59071,12531,14148,2520
08/24/2017,59126,12542,14163,2518
08/25/2017,59112,12558,14123,2513
08/26/2017,59027,12545,14121,2509
08/27/2017,59103,12541,14221,2506
08/28/2017,59271,12584,14228,2513
08/29/2017,59311,12575,14246,2530
08/30/2017,59512,12642,14240,2528
08/31/2017,59502,12640,14267,2514
09/01/2017,59352,12666,14061,2507
09/02/2017,59271,12650,14059,2495
09/03/2017,59480,12676,14160,2506
09/04/2017,59401,12639,14187,2498
09/05/2017,59556,12683,14193,2498
09/06/2017,59514,12656,14211,2488
09/07/2017,59575,12687,14178,2502
09/08/2017,59597,12687,14142,2512
09/09/2017,59530,12685,14088,2510
09/10/2017,59625,12693,14184,2509
09/11/2017,59832,12736,14181,2526
09/12/2017,59775,12716,14198,2529
09/13/2017,59812,12728,14212,2525
09/14/2017,59863,12734,14215,2532
09/15/2017,59811,12737,14168,2529
09/16/2017,59835,12747,14136,2533
09/17/2017,59971,12766,14215,2534
09/18/2017,59882,12732,14228,2535
09/19/2017,59966,12755,14251,2517
09/19/2017,59966,12755,14251,2517
09/20/2017,60019,12776,14240,2526
09/21/2017,60116,12805,14254,2528
09/22/2017,60040,12805,14181,2521
09/23/2017,60114,12839,14149,2517
09/24/2017,60111,12807,14244,2520
09/25/2017,60021,12774,14271,2520
09/26/2017,60056,12796,14264,2524
09/27/2017,60094,12818,14253,2521
09/28/2017,60143,12843,14259,2513
09/29/2017,59922,12812,14113,2514
09/30/2017,59889,12795,14165,2511
10/01/2017,60097,12851,14195,2507
10/02/2017,60045,12818,14220,2500
10/03/2017,60148,12843,14229,2497
10/04/2017,60214,12838,14296,2509
10/05/2017,60051,12799,14292,2496
10/06/2017,60050,12822,14187,2500
10/07/2017,59885,12797,14178,2484
10/08/2017,60010,12801,14288,2486
10/09/2017,60089,12804,14337,2486
10/10/2017,60237,12845,14331,2495
10/11/2017,60350,12866,14383,2496
10/12/2017,60334,12857,14388,2505
10/13/2017,60317,12863,14341,2504
10/14/2017,60147,12857,14231,2491
10/15/2017,60335,12899,14292,2495
10/16/2017,60436,12914,14348,2504
10/17/2017,60305,12907,14209,2515
10/18/2017,60525,12935,14342,2518
10/19/2017,60525,12954,14346,2511
10/20/2017,60447,12945,14263,2512
10/21/2017,60519,12963,14271,2504
10/22/2017,60537,12944,14363,2499
10/23/2017,60358,12895,14367,2496
10/24/2017,60381,12895,14388,2509
10/25/2017,60452,12914,14367,2516
10/26/2017,60457,12912,14395,2511
10/27/2017,60216,12884,14293,2498
10/28/2017,60182,12870,14280,2497
10/29/2017,60310,12879,14367,2504
10/30/2017,60351,12887,14402,2497
10/31/2017,60178,12845,14357,2497
11/01/2017,60109,12837,14314,2495
11/02/2017,59993,12799,14325,2500
11/05/2017,60066,12818,14338,2496
11/06/2017,60265,12869,14370,2506
11/07/2017,60217,12837,14433,2506
11/08/2017,60279,12864,14435,2505
11/09/2017,60218,12841,14446,2501
11/10/2017,60248,12860,14450,2494
11/11/2017,60078,12829,14380,2481
11/12/2017,60287,12866,14443,2489
11/13/2017,60305,12847,14517,2492
11/14/2017,60325,12834,14527,2501
11/15/2017,60352,12842,14507,2514
11/16/2017,60381,12844,14552,2503
11/18/2017,60163,12789,14529,2502
11/19/2017,60208,12806,14503,2509
11/20/2017,60363,12825,14560,2517
11/21/2017,60368,12833,14575,2511
11/22/2017,60316,12832,14551,2507
11/23/2017,60215,12833,14466,2504
11/24/2017,60261,12820,14526,2507
11/25/2017,60113,12773,14523,2503
11/26/2017,60179,12762,14594,2508
11/27/2017,60279,12785,14625,2509
11/28/2017,60341,12799,14635,2516
11/29/2017,60375,12792,14658,2526
11/30/2017,60230,12773,14636,2522
12/01/2017,60149,12784,14516,2510
12/02/2017,60164,12794,14546,2489
12/03/2017,60288,12810,14612,2498
12/04/2017,60348,12826,14595,2512
12/05/2017,60331,12810,14608,2507
12/06/2017,60535,12844,14714,2506
12/07/2017,60452,12827,14691,2506
12/08/2017,60341,12809,14653,2497
12/09/2017,60369,12825,14639,2496
12/10/2017,60508,12848,14681,2503
12/12/2017,60451,12822,14704,2507
12/13/2017,60510,12821,14757,2517
12/14/2017,60593,12826,14784,2524
12/15/2017,60585,12833,14734,2532
12/16/2017,60447,12819,14670,2520
12/17/2017,60509,12815,14728,2520
12/18/2017,60480,12806,14729,2522
12/19/2017,60358,12772,14727,2516
12/20/2017,60359,12774,14744,2515
12/21/2017,60383,12785,14735,2530
12/22/2017,60308,12765,14701,2517
12/23/2017,60176,12744,14639,2517
12/24/2017,60207,12755,14638,2516
11/12/2013,51236,10572,10080,1885
11/19/2013,51383,10626,10025,1887
11/30/2013,51031,10593,9829,1874
02/21/2014,52093,10732,10266,1898
07/02/2014,53635,11230,10342,1910
07/28/2014,54860,11465,10605,1985
02/03/2015,58485,12082,11691,2167
03/11/2015,57821,11879,11828,2163
12/25/2017,60286,12774,14672,2518
12/26/2017,60228,12742,14729,2523
12/27/2017,60033,12684,14718,2512
12/28/2017,60079,12710,14708,2513
12/29/2017,60050,12722,14666,2513
12/30/2017,60017,12716,14657,2503
12/31/2017,59933,12707,14576,2507
01/01/2018,60099,12721,14683,2516
01/02/2018,60126,12706,14759,2516
01/03/2018,59843,12619,14731,2507
01/04/2018,60097,12691,14767,2516
01/05/2018,59920,12638,14737,2517
01/06/2018,59892,12644,14713,2504
01/07/2018,60092,12693,14742,2512
01/08/2018,60160,12696,14794,2514
01/09/2018,60044,12664,14810,2505
01/10/2018,60108,12686,14830,2503
01/11/2018,60296,12747,14863,2492
01/12/2018,60213,12744,14736,2494
01/13/2018,60177,12716,14781,2496
01/14/2018,60401,12759,14889,2500
01/15/2018,60480,12777,14884,2505
01/16/2018,60441,12771,14884,2504
01/17/2018,60531,12793,14920,2506
01/18/2018,60560,12775,14962,2530
01/19/2018,60537,12801,14928,2519
01/20/2018,60630,12848,14886,2511
01/21/2018,60703,12847,14958,2511
01/21/2018,60703,12847,14958,2511
01/22/2018,60647,12817,15000,2511
01/23/2018,60732,12835,15020,2502
01/24/2018,60795,12856,15031,2513
01/25/2018,60845,12874,15046,2505
01/26/2018,60843,12876,15027,2505
01/27/2018,60797,12874,15016,2494
01/28/2018,60861,12883,15059,2493
01/29/2018,60903,12870,15058,2516
01/30/2018,60915,12853,15119,2515
01/31/2018,61038,12878,15139,2524
02/01/2018,61029,12894,15125,2512
02/02/2018,60950,12887,15075,2500
02/03/2018,61002,12891,15104,2506
02/04/2018,61025,12889,15127,2509
02/05/2018,61025,12882,15122,2515
02/06/2018,61002,12870,15160,2503
02/07/2018,61075,12872,15208,2514
02/08/2018,60971,12851,15206,2501
02/09/2018,60926,12853,15196,2492
02/10/2018,60716,12812,15124,2488
02/11/2018,60792,12815,15195,2479
02/12/2018,60754,12786,15227,2491
02/13/2018,60760,12779,15259,2489
02/14/2018,60755,12784,15238,2491
02/15/2018,60775,12782,15281,2490
02/16/2018,60593,12760,15210,2487
02/17/2018,60486,12737,15211,2472
02/18/2018,60561,12743,15246,2479
02/19/2018,60552,12725,15297,2483
02/20/2018,60529,12737,15257,2485
02/21/2018,60472,12722,15281,2474
02/22/2018,60570,12739,15307,2477
02/23/2018,60478,12736,15236,2474
02/24/2018,60366,12709,15242,2453
02/25/2018,60427,12702,15290,2461
02/26/2018,60470,12702,15309,2473
02/27/2018,60457,12715,15288,2462
02/28/2018,60443,12718,15225,2466
03/01/2018,60384,12730,15165,2462
03/02/2018,60423,12727,15184,2474
03/03/2018,60284,12707,15159,2458
03/04/2018,60363,12721,15196,2452
03/05/2018,60419,12707,15274,2466
03/06/2018,60394,12696,15241,2461
03/07/2018,60488,12704,15301,2469
03/08/2018,60506,12716,15271,2466
03/09/2018,60355,12680,15245,2465
03/10/2018,60282,12675,15198,2451
03/11/2018,60416,12691,15282,2456
03/12/2018,60449,12676,15295,2480
03/13/2018,60302,12644,15308,2470
